TEXT,PREDICTION
TIL the movie Starship Troopers was never adapted into a successful video game because...,0
What do you call a fat baby?,0
"Two morons are sitting on a fence. The big one fell off, why didn't the other?",0
I covered all my weapons in glue.,0
"Joke I made up: Caveman and a bear walk into a bar. Bartender says ""what's your story?"" Caveman says...",0
Late one night a drunk guy is showing some friends around his brand new apartment.,0
It's too early for hurricane jokes,0
"What My Girlfriend Thought, First four Dates:",0
Why did Donald Trump marry an immigrant?,0
"What clown has killed more children than ""It""?",0
Dunno what this WiFi dude did,0
Why do Jews get Circumcised?,0
"Teacher: tell me a sentence that starts with an ""I""",0
Yo mama's so fat,0
A tired american soldier is on a train to london,0
"I???m in so much debt, I can???t afford to pay my electric bill.",0
If you think your microwave and your TV spying on you is bad.,0
What do you call it when a kid teaches their parents?,0
"Today I donated a watch, a phone and my wallet to a poor guy...",0
A Woman Shoots Her Husband For Stepping On The Clean Floor???,0
What washes up on small beaches?,0
He's Serving Her,0
You know what really grinds my gears?,0
I bought shoes from a drug dealer once...,0
How did Rhianna find out that Chris Brown was cheating?,0
My girlfriend says I'm an idiot who can't do anything right.,0
For the cold nights to come.,0
The way to a man's heart is through his stomach,0
Fish is swimming up river when he bumps his head.,0
I don't like political jokes,0
What do you call a game developer with erectile dysfunction?,0
"I said to my wife, ???I need to call the doctor today.??-",0
Looks like I just lost an electron...,0
A man is being arrested...,0
There are eleven types of people in this world...,0
How did Mike Tyson open the door to alcoholism?,0
Why did the cannibal live on his own?,0
"Never fart in an apple store,",0
Just found out i was colourblind.,0
A wife says to her husband...,0
"""What school?""",0
Why do the military use acids?,0
Are you today's date?,0
What's a man's most sensitive body part when he's masturbating in the bathroom?,-1
The oldest computer can be traced to Adam and Eve.,0
What did a cannibal do after he dumped his girlfriend?,0
Why did the chicken commit suicide?,0
How does a red-headed man reach orgasm?,0
When Magnesium and Oxygen started dating I was like,0
Do you know how to make a dumb person curious?,0
What does a tornado and a divorce in the south have in common?,0
I went to a club for sufferers of premature ejaculation and no one was there...,0
,0
A blonde walks into a bar.,0
"My bloodtype inspires me ,",0
What does a slutty horse wear?,0
"What is the name of a medium-well movie, with knights and gambling?",0
Roses are red violets are blue,0
How do you drown a hipster?,0
Did you hear about the two bodybuilders who always talked at the same time?,0
A man walks into a bar and orders three beers.,0
How much RAM does a great white shark have?,0
What's the difference between Buckingham and necrophil?,0
What's the difference between a hooker and a drug dealer?,0
Representatives from an American NGO are on a visit to a Soviet kindergarten.,0
Fact: You don't actually swallow 6 spiders in your sleep,0
Did you hear about the midget psychic that escaped from prison?,0
I downloaded an app that I thought would help me find great sandwiches...,0
"'Dad, how much did it cost for you and mom to get married?'",0
Have you seen the latest new article about butter?,0
What's the nationality of someone with many knees?,0
Found this on the interwebs,0
What's the difference between a bulimic and a communist?,0
Soldiers,0
What do Princess Diana and Pink Floyd have in common?,0
It cost NASA scientist 1 billion dollars to send felines into outerspace.,0
What does Bob Ross's paintings and an orphanage have in common?,0
If you were to second-guess your decision to book time to visit a Native American community...,0
"Midnight Petrograd... A Red Guards night watch spots a shadow trying to sneak by. ""Stop! Who goes there? Documents!""",0
Ex who lives in Florida,0
"Paddy Englishman, Irishman and Scotsman are discussing how great their uncles are",0
Fred Flintstone:,0
I have gotten chlamydia so many times...,0
I have a reptile in every room but one,0
What tool does a woman like best in the kitchen?,0
"A Rabbi, a Priest and a Minister go golfing",0
Yo Mama's so fat...,0
A HUSBAND'S LAST REQUEST,0
What do you call a cow with no legs? Ground beef. What about 3 legs? Lean beef. Two legs?,0
They made a mixed drink after Hurricane Sandy,0
The key to success I learned from working at a brothel is to,0
Seventy-five-year-old Marvin goes to the local mall and tries to find a gift for his wife for Valentine's Day.,0
What's the difference between a Ferrari and a pile of dead babies,0
What's the difference between science and religion?,0
What's the difference between Yo Momma and a pretzel?,0
Jaguar just announced an XK-E Concept car they will show at the Frankfurt Auto Show this year.,0
Scientists removed the right half of a man's brain &,0
A man mentions to his coworker that her hair smells nice today,0
I started a cycling club. It's been 1 Month and still no members....,0
I thought the morgue had cremated my dead son.,1
How do you shut an Italian up for good?,0
And I???m really excited........,0
I was in work yesterday and saw an article on a magazine...,0
Did you hear about the meth-head comedian?,0
What do Kim-Jung Un and a penis-shaped potato have in common?,0
"???I know I???m a winter, spring, and summer risk too.??-",0
My roommate locked himself in the bathroom and I heard him crying.,0
"Sex, for men, is kinda like pizza...",0
"Last night, ...",0
Ever wondered why atheists don't solve exponential equations?,0
What's it called when you leave Charleston for Irma?,0
"The detective said, ""Something's fishy about this evidence...""",0
What do you call a book club that has been stuck on the same book for hundreds of years?,0
I dont believe in God,0
I feel sorry for gay vegans,0
Directions to the Post Office,0
What do you say to an annoying pacifist?,0
Why couldn't the tomato cross the road?,0
What does a vegan and a 2 year old have in common?,0
"Yo momma's so dumb,",0
What do you call a police man in bed?,0
What did the blind man say when he passed the fish market?,0
I have the body of a 18 year old,0
My Girlfriend wont stop crying during Hurricane Irma,0
I???m a magician of sorts. I steal candy bars using sleight of hand.,0
The way they seem to just never leave.,0
Yo momma so fat,0
Two idiots envy their boss,0
Build a man a fire and you'll keep him warm for a night,0
A nurse died and arrived before St. Peter,0
My dad had a strict rule where I couldn't go on dates if my age was on the clock...,0
"My friend invented a machine that can take a disc out of a console, then put a new one in",0
Church in Florida is underwater.,0
What do you call a bear with no teeth?,0
My cat actually plays fetch.,0
The movie IT,0
Went to see IT tonight and people were really scared...,0
Even though Florida chose to be a red state..,0
"I work in a prison, and when people ask me if I enjoy my job...",0
What do you call the guy whose feet always fall asleep?,0
What did the Redditor say to the leprechaun at the end of the rainbow?,0
A hydrogen atom lost its electron and went to police station to file missing electron report.,0
I'm emotionally constipated.,0
I lost both my legs yesterday,0
